TIME,WINNING NUMBERS
Thu 31 Aug 2023  12:00am,"15 , 35 , 17 , 7 , 27 , 14"
Wed 30 Aug 2023  10:00pm,"7 , 34 , 15 , 16 , 32 , 8"
Tue 29 Aug 2023  11:00pm,"35 , 8 , 36 , 2 , 15 , 22"
Tue 29 Aug 2023  10:00pm,"11 , 3 , 30 , 29 , 34 , 37"
Tue 29 Aug 2023  09:00pm,"16 , 20 , 7 , 39 , 38 , 11"
Tue 29 Aug 2023  08:00pm,"16 , 19 , 10 , 20 , 37 , 34"
Tue 29 Aug 2023  07:00pm,"21 , 0 , 29 , 17 , 11 , 37"
Tue 29 Aug 2023  06:00pm,"17 , 32 , 10 , 2 , 14 , 11"
Tue 29 Aug 2023  05:00pm,"12 , 14 , 2 , 10 , 15 , 7"
Tue 29 Aug 2023  04:00pm,"29 , 34 , 21 , 18 , 5 , 24"
Tue 29 Aug 2023  03:00pm,"23 , 18 , 22 , 10 , 27 , 30"
Tue 29 Aug 2023  02:00pm,"11 , 20 , 26 , 22 , 18 , 37"
Tue 29 Aug 2023  01:00pm,"24 , 3 , 36 , 34 , 32 , 38"
Tue 29 Aug 2023  12:00pm,"1 , 19 , 27 , 15 , 20 , 28"
Tue 29 Aug 2023  11:00am,"7 , 28 , 1 , 0 , 35 , 32"
Tue 29 Aug 2023  10:00am,"33 , 18 , 20 , 1 , 6 , 31"
Tue 29 Aug 2023  09:00am,"39 , 24 , 8 , 37 , 30 , 12"
Tue 29 Aug 2023  08:00am,"3 , 37 , 34 , 18 , 19 , 12"
Tue 29 Aug 2023  07:00am,"0 , 22 , 32 , 23 , 35 , 19"
Tue 29 Aug 2023  06:00am,"1 , 28 , 9 , 2 , 24 , 27"
